"datetime";"tint";"tint_sp"
2024-11-01 01:00:00;20,3732163725;17
2024-11-01 02:00:00;20,0717061;17
2024-11-01 03:00:00;19,86530389;17
2024-11-01 04:00:00;20,2451570425;17
2024-11-01 05:00:00;20,6567545458333;17
2024-11-01 06:00:00;21,4546387875;17
2024-11-01 07:00:00;22,1467399466667;17
2024-11-01 08:00:00;22,1535345816667;21
2024-11-01 09:00:00;21,5479531433333;21
2024-11-01 10:00:00;21,2754192708333;21
2024-11-01 11:00:00;21,2053676541667;21
2024-11-01 12:00:00;21,20990557;21
2024-11-01 13:00:00;21,2349934925;21
2024-11-01 14:00:00;21,2812083866667;21
2024-11-01 15:00:00;21,3287631991667;21
2024-11-01 16:00:00;21,3625129283333;21
2024-11-01 17:00:00;21,3747648966667;21
2024-11-01 18:00:00;21,3599214416667;21
2024-11-01 19:00:00;21,1731461858333;21
2024-11-01 20:00:00;20,7791204991667;17
2024-11-01 21:00:00;20,3873548691667;17
2024-11-01 22:00:00;20,1215826216667;17
2024-11-01 23:00:00;19,9369385983333;17
2024-11-02 00:00:00;19,8134157408333;17
2024-11-02 01:00:00;19,7257676591667;17
2024-11-02 02:00:00;19,6608901208333;17
2024-11-02 03:00:00;19,6074107416667;17
2024-11-02 04:00:00;19,5602286366667;17
2024-11-02 05:00:00;19,8110761958333;17
2024-11-02 06:00:00;21,046170905;17
2024-11-02 07:00:00;22,0198976741667;17
2024-11-02 08:00:00;21,8641151433333;21
2024-11-02 09:00:00;21,3546172166667;21
2024-11-02 10:00:00;21,1654220658333;21
2024-11-02 11:00:00;21,10719627;21
2024-11-02 12:00:00;21,1222694883333;21
2024-11-02 13:00:00;21,1805385175;21
2024-11-02 14:00:00;21,2759357283333;21
2024-11-02 15:00:00;21,347193455;21
2024-11-02 16:00:00;21,373790075;21
2024-11-02 17:00:00;21,3595574291667;21
2024-11-02 18:00:00;21,32121016;21
2024-11-02 19:00:00;21,1180497866667;21
2024-11-02 20:00:00;20,7096137983333;17
2024-11-02 21:00:00;20,3209875966667;17
2024-11-02 22:00:00;20,0815569166667;17
2024-11-02 23:00:00;19,9419709458333;17
2024-11-03 00:00:00;19,8363231383333;17
2024-11-03 01:00:00;19,7368308725;17
2024-11-03 02:00:00;19,64404746;17
2024-11-03 03:00:00;19,5692266741667;17
2024-11-03 04:00:00;19,5112470475;17
2024-11-03 05:00:00;19,4676935458333;17
2024-11-03 06:00:00;19,4172118766667;17
2024-11-03 07:00:00;19,3562044608333;17
2024-11-03 08:00:00;19,297579495;17
2024-11-03 09:00:00;19,293123605;17
2024-11-03 10:00:00;19,3569986133333;17
2024-11-03 11:00:00;19,468743995;17
2024-11-03 12:00:00;19,6048042191667;17
2024-11-03 13:00:00;19,7415447483333;17
2024-11-03 14:00:00;19,8553579191667;17
2024-11-03 15:00:00;19,9126736741667;17
2024-11-03 16:00:00;19,9180017491667;17
2024-11-03 17:00:00;19,8713706;17
2024-11-03 18:00:00;19,7811363741667;17
2024-11-03 19:00:00;19,6524667216667;17
2024-11-03 20:00:00;19,5057503666667;17
2024-11-03 21:00:00;19,3867818375;17
2024-11-03 22:00:00;19,2989018283333;17
2024-11-03 23:00:00;19,2354860566667;17
2024-11-04 00:00:00;19,1763472375;17
2024-11-04 01:00:00;19,1190109008333;17
2024-11-04 02:00:00;19,0689107066667;17
2024-11-04 03:00:00;19,0164003366667;17
2024-11-04 04:00:00;18,9629035025;17
2024-11-04 05:00:00;19,5720502466667;17
2024-11-04 06:00:00;20,8553068491667;17
2024-11-04 07:00:00;21,5787228983333;17
2024-11-04 08:00:00;21,552623005;21
2024-11-04 09:00:00;20,9479790166667;21
2024-11-04 10:00:00;20,7011023858333;21
2024-11-04 11:00:00;20,6595185166667;21
2024-11-04 12:00:00;20,7029854266667;21
2024-11-04 13:00:00;20,7850401275;21
2024-11-04 14:00:00;20,8880593391667;21
2024-11-04 15:00:00;20,9714916391667;21
2024-11-04 16:00:00;21,0153925708333;21
2024-11-04 17:00:00;21,015741525;21
2024-11-04 18:00:00;20,9729846975;21
2024-11-04 19:00:00;20,7520082525;21
2024-11-04 20:00:00;20,3317468391667;17
2024-11-04 21:00:00;19,9191726416667;17
2024-11-04 22:00:00;19,6394870375;17
2024-11-04 23:00:00;19,4596442158333;17
2024-11-05 00:00:00;19,33349393;17
2024-11-05 01:00:00;19,2401504216667;17
2024-11-05 02:00:00;19,164113105;17
2024-11-05 03:00:00;19,1248627308333;17
2024-11-05 04:00:00;20,23204228;17
2024-11-05 05:00:00;21,423538325;17
2024-11-05 06:00:00;21,9187037125;17
2024-11-05 07:00:00;22,0429069441667;17
2024-11-05 08:00:00;21,852394055;21
2024-11-05 09:00:00;21,2220791083333;21
2024-11-05 10:00:00;20,9281409933333;21
2024-11-05 11:00:00;20,8276963633333;21
2024-11-05 12:00:00;20,8165669566667;21
2024-11-05 13:00:00;20,8480540158333;21
2024-11-05 14:00:00;20,9117844416667;21
2024-11-05 15:00:00;20,9762004391667;21
2024-11-05 16:00:00;21,0103546466667;21
2024-11-05 17:00:00;21,014589405;21
2024-11-05 18:00:00;20,9797944241667;21
2024-11-05 19:00:00;20,773595795;21
2024-11-05 20:00:00;20,3609030441667;17
2024-11-05 21:00:00;19,9556956058333;17
2024-11-05 22:00:00;19,692267165;17
2024-11-05 23:00:00;19,5374795875;17
2024-11-06 00:00:00;19,4510351891667;17
2024-11-06 01:00:00;19,4054130133333;17
2024-11-06 02:00:00;19,3831164725;17
2024-11-06 03:00:00;19,3525975566667;17
2024-11-06 04:00:00;19,3075199416667;17
2024-11-06 05:00:00;19,6448445566667;17
2024-11-06 06:00:00;21,11070445;17
2024-11-06 07:00:00;21,8683759966667;17
2024-11-06 08:00:00;21,8559093233333;21
2024-11-06 09:00:00;21,2260184008333;21
2024-11-06 10:00:00;20,9020848775;21
2024-11-06 11:00:00;20,7467163391667;21
2024-11-06 12:00:00;20,6734981533333;21
2024-11-06 13:00:00;20,6473584858333;21
2024-11-06 14:00:00;20,6608450283333;21
2024-11-06 15:00:00;20,6708068791667;21
2024-11-06 16:00:00;20,65530881;21
2024-11-06 17:00:00;20,6196247558333;21
2024-11-06 18:00:00;20,5885626233333;21
2024-11-06 19:00:00;20,4134176116667;21
2024-11-06 20:00:00;20,0400863341667;17
2024-11-06 21:00:00;19,6889836066667;17
2024-11-06 22:00:00;19,4894438758333;17
2024-11-06 23:00:00;19,3770682025;17
2024-11-07 00:00:00;19,2999352075;17
2024-11-07 01:00:00;19,2385930991667;17
2024-11-07 02:00:00;19,1842404841667;17
2024-11-07 03:00:00;19,1353069725;17
2024-11-07 04:00:00;19,0809814291667;17
2024-11-07 05:00:00;19,05540056;17
2024-11-07 06:00:00;20,0033285291667;17
2024-11-07 07:00:00;20,9954112125;17
2024-11-07 08:00:00;21,3282013825;21
2024-11-07 09:00:00;20,8479641525;21
2024-11-07 10:00:00;20,5918189308333;21
2024-11-07 11:00:00;20,4841923483333;21
2024-11-07 12:00:00;20,4378918933333;21
2024-11-07 13:00:00;20,4200514241667;21
2024-11-07 14:00:00;20,4233522875;21
2024-11-07 15:00:00;20,4137169008333;21
2024-11-07 16:00:00;20,380418215;21
2024-11-07 17:00:00;20,3475946008333;21
2024-11-07 18:00:00;20,7882802758333;21
2024-11-07 19:00:00;20,61350355;21
2024-11-07 20:00:00;20,419660015;17
2024-11-07 21:00:00;19,833300865;17
2024-11-07 22:00:00;19,3801930491667;17
2024-11-07 23:00:00;19,12421303;17
2024-11-08 00:00:00;18,9815877916667;17
2024-11-08 01:00:00;18,8928517183333;17
2024-11-08 02:00:00;18,850723685;17
2024-11-08 03:00:00;19,3306731533333;17
2024-11-08 04:00:00;19,7663193241667;17
2024-11-08 05:00:00;20,408637785;17
2024-11-08 06:00:00;21,19797214;17
2024-11-08 07:00:00;21,6246395858333;17
2024-11-08 08:00:00;21,4849913375;21
2024-11-08 09:00:00;21,0594925491667;21
2024-11-08 10:00:00;20,9876427916667;21
2024-11-08 11:00:00;20,6782781258333;21
2024-11-08 12:00:00;20,5357692508333;21
2024-11-08 13:00:00;20,5249825183333;21
2024-11-08 14:00:00;20,5865898983333;21
2024-11-08 15:00:00;20,6393211166667;21
2024-11-08 16:00:00;20,6580296958333;21
2024-11-08 17:00:00;20,6362743341667;21
2024-11-08 18:00:00;20,7538772091667;21
2024-11-08 19:00:00;20,6973314266667;21
2024-11-08 20:00:00;20,1775580516667;17
2024-11-08 21:00:00;19,6826107375;17
2024-11-08 22:00:00;19,35180594;17
2024-11-08 23:00:00;19,1442437333333;17
2024-11-09 00:00:00;19,0086324125;17
2024-11-09 01:00:00;18,91335789;17
2024-11-09 02:00:00;18,8464793116667;17
2024-11-09 03:00:00;18,811564175;17
2024-11-09 04:00:00;19,5310580416667;17
2024-11-09 05:00:00;20,231353925;17
2024-11-09 06:00:00;20,7647575166667;17
2024-11-09 07:00:00;21,4608066558333;17
2024-11-09 08:00:00;21,4612771541667;21
2024-11-09 09:00:00;20,8312694358333;21
2024-11-09 10:00:00;20,5081752658333;21
2024-11-09 11:00:00;20,3609031058333;21
2024-11-09 12:00:00;20,3070204733333;21
2024-11-09 13:00:00;20,3031880166667;21
2024-11-09 14:00:00;20,3480321533333;21
2024-11-09 15:00:00;20,3921109933333;21
2024-11-09 16:00:00;20,4092059633333;21
2024-11-09 17:00:00;20,4188883125;21
2024-11-09 18:00:00;20,8273633483333;21
2024-11-09 19:00:00;20,5727332766667;21
2024-11-09 20:00:00;20,0560647633333;17
2024-11-09 21:00:00;19,5964540083333;17
2024-11-09 22:00:00;19,3117408408333;17
2024-11-09 23:00:00;19,1470379966667;17
2024-11-10 00:00:00;19,0406256225;17
2024-11-10 01:00:00;18,9607326758333;17
2024-11-10 02:00:00;18,8900692241667;17
2024-11-10 03:00:00;18,8071160958333;17
2024-11-10 04:00:00;18,7138078716667;17
2024-11-10 05:00:00;18,6111232875;17
2024-11-10 06:00:00;18,52550495;17
2024-11-10 07:00:00;18,4607472641667;17
2024-11-10 08:00:00;18,420051065;17
2024-11-10 09:00:00;18,4017536775;17
2024-11-10 10:00:00;18,41546868;17
2024-11-10 11:00:00;18,4720725891667;17
2024-11-10 12:00:00;18,5703672966667;17
2024-11-10 13:00:00;18,7017735891667;17
2024-11-10 14:00:00;18,8365023066667;17
2024-11-10 15:00:00;18,9220007783333;17
2024-11-10 16:00:00;18,9498268841667;17
2024-11-10 17:00:00;18,920269435;17
2024-11-10 18:00:00;18,8494095791667;17
2024-11-10 19:00:00;18,7497017775;17
2024-11-10 20:00:00;18,6311807258333;17
2024-11-10 21:00:00;18,5214293741667;17
2024-11-10 22:00:00;18,4264854858333;17
2024-11-10 23:00:00;18,337001345;17
2024-11-11 00:00:00;18,2668898775;17
2024-11-11 01:00:00;18,2136496733333;17
2024-11-11 02:00:00;18,1979441825;17
2024-11-11 03:00:00;18,8194623791667;17
2024-11-11 04:00:00;19,3062852708333;17
2024-11-11 05:00:00;20,2413918758333;17
2024-11-11 06:00:00;20,9526472733333;17
2024-11-11 07:00:00;21,1785305433333;17
2024-11-11 08:00:00;21,1755735958333;21
2024-11-11 09:00:00;20,7955909233333;21
2024-11-11 10:00:00;20,3088978383333;21
2024-11-11 11:00:00;20,07655776;21
2024-11-11 12:00:00;20,34443724;21
2024-11-11 13:00:00;20,9289092;21
2024-11-11 14:00:00;20,5952603383333;21
2024-11-11 15:00:00;20,3666035483333;21
2024-11-11 16:00:00;20,253435705;21
2024-11-11 17:00:00;20,1871577441667;21
2024-11-11 18:00:00;20,1426695508333;21
2024-11-11 19:00:00;19,9589777725;21
2024-11-11 20:00:00;19,5878121183333;17
2024-11-11 21:00:00;19,2333032883333;17
2024-11-11 22:00:00;19,0060557041667;17
2024-11-11 23:00:00;18,8689064166667;17
2024-11-12 00:00:00;18,779194825;17
2024-11-12 01:00:00;18,7140571258333;17
2024-11-12 02:00:00;18,6636319191667;17
2024-11-12 03:00:00;18,6208717116667;17
2024-11-12 04:00:00;18,5805294608333;17
2024-11-12 05:00:00;18,56649462;17
2024-11-12 06:00:00;19,5541260633333;17
2024-11-12 07:00:00;20,6761069016667;17
2024-11-12 08:00:00;20,5774325891667;21
2024-11-12 09:00:00;20,1562957383333;21
2024-11-12 10:00:00;19,9998623066667;21
2024-11-12 11:00:00;19,9361343325;21
2024-11-12 12:00:00;19,9168254458333;21
2024-11-12 13:00:00;19,930197925;21
2024-11-12 14:00:00;19,97634071;21
2024-11-12 15:00:00;20,0192692691667;21
2024-11-12 16:00:00;20,045881285;21
2024-11-12 17:00:00;20,0787861183333;21
2024-11-12 18:00:00;20,4983439983333;21
2024-11-12 19:00:00;20,2420978683333;21
2024-11-12 20:00:00;19,7392959491667;17
2024-11-12 21:00:00;19,313304565;17
2024-11-12 22:00:00;19,0452399666667;17
2024-11-12 23:00:00;18,8895166325;17
2024-11-13 00:00:00;18,7959372875;17
2024-11-13 01:00:00;18,7356152191667;17
2024-11-13 02:00:00;18,6900789025;17
2024-11-13 03:00:00;18,65121621;17
2024-11-13 04:00:00;18,62047576;17
2024-11-13 05:00:00;18,6138715208333;17
2024-11-13 06:00:00;19,3942505741667;17
2024-11-13 07:00:00;20,12517391;17
2024-11-13 08:00:00;20,2906152025;21
2024-11-13 09:00:00;20,0586825008333;21
2024-11-13 10:00:00;19,9918965625;21
2024-11-13 11:00:00;19,9988957358333;21
2024-11-13 12:00:00;20,0456441608333;21
2024-11-13 13:00:00;20,1105277125;21
2024-11-13 14:00:00;20,1932087375;21
2024-11-13 15:00:00;20,2605383633333;21
2024-11-13 16:00:00;20,2912632241667;21
2024-11-13 17:00:00;20,2940949758333;21
2024-11-13 18:00:00;20,2734449933333;21
2024-11-13 19:00:00;20,0982748041667;21
2024-11-13 20:00:00;19,7399641191667;17
2024-11-13 21:00:00;19,41411362;17
2024-11-13 22:00:00;19,1977356216667;17
2024-11-13 23:00:00;19,0667394083333;17
2024-11-14 00:00:00;18,983514535;17
2024-11-14 01:00:00;18,9181711633333;17
2024-11-14 02:00:00;18,86242042;17
2024-11-14 03:00:00;18,8197922633333;17
2024-11-14 04:00:00;18,7848501458333;17
2024-11-14 05:00:00;18,7569233483333;17
2024-11-14 06:00:00;18,7609901158333;17
2024-11-14 07:00:00;19,5531432266667;17
2024-11-14 08:00:00;20,1224352716667;21
2024-11-14 09:00:00;20,051445735;21
2024-11-14 10:00:00;20,0610874566667;21
2024-11-14 11:00:00;20,108284405;21
2024-11-14 12:00:00;20,1871497425;21
2024-11-14 13:00:00;20,2859871791667;21
2024-11-14 14:00:00;20,3984141875;21
2024-11-14 15:00:00;20,4772177216667;21
2024-11-14 16:00:00;20,5037479133333;21
2024-11-14 17:00:00;20,4836580783333;21
2024-11-14 18:00:00;20,4392141208333;21
2024-11-14 19:00:00;20,2421342075;21
2024-11-14 20:00:00;19,8563310958333;17
2024-11-14 21:00:00;19,4815177166667;17
2024-11-14 22:00:00;19,2110645216667;17
2024-11-14 23:00:00;19,01853467;17
2024-11-15 00:00:00;18,8867558841667;17
2024-11-15 01:00:00;18,7915857358333;17
2024-11-15 02:00:00;18,7202946358333;17
2024-11-15 03:00:00;19,320432305;17
2024-11-15 04:00:00;20,6193433308333;17
2024-11-15 05:00:00;21,0850325166667;17
2024-11-15 06:00:00;21,46425931;17
2024-11-15 07:00:00;21,68864057;17
2024-11-15 08:00:00;21,4801119533333;21
2024-11-15 09:00:00;20,7986737425;21
2024-11-15 10:00:00;20,5093387016667;21
2024-11-15 11:00:00;20,4408201333333;21
2024-11-15 12:00:00;20,4607389075;21
2024-11-15 13:00:00;20,5261699633333;21
2024-11-15 14:00:00;20,6183308125;21
2024-11-15 15:00:00;20,6938761808333;21
2024-11-15 16:00:00;20,7249280175;21
2024-11-15 17:00:00;20,7146795225;21
2024-11-15 18:00:00;20,6637320141667;21
2024-11-15 19:00:00;20,4278162383333;21
2024-11-15 20:00:00;19,9788813533333;17
2024-11-15 21:00:00;19,5476563075;17
2024-11-15 22:00:00;19,2888323641667;17
2024-11-15 23:00:00;19,1446625591667;17
2024-11-16 00:00:00;19,0437558691667;17
2024-11-16 01:00:00;18,9634906216667;17
2024-11-16 02:00:00;18,92801616;17
2024-11-16 03:00:00;19,68917806;17
2024-11-16 04:00:00;20,153358215;17
2024-11-16 05:00:00;20,9460959991667;17
2024-11-16 06:00:00;21,5465482225;17
2024-11-16 07:00:00;21,8085520175;17
2024-11-16 08:00:00;21,6021181791667;21
2024-11-16 09:00:00;20,909891935;21
2024-11-16 10:00:00;20,5972736958333;21
2024-11-16 11:00:00;20,5084128733333;21
2024-11-16 12:00:00;20,5231537383333;21
2024-11-16 13:00:00;20,5979602933333;21
2024-11-16 14:00:00;20,7073890183333;21
2024-11-16 15:00:00;20,7918303808333;21
2024-11-16 16:00:00;20,8296614358333;21
2024-11-16 17:00:00;20,817908965;21
2024-11-16 18:00:00;20,7602367183333;21
2024-11-16 19:00:00;20,5277070991667;21
2024-11-16 20:00:00;20,0808393366667;17
2024-11-16 21:00:00;19,6441925158333;17
2024-11-16 22:00:00;19,3866044858333;17
2024-11-16 23:00:00;19,2382852016667;17
2024-11-17 00:00:00;19,1355823075;17
2024-11-17 01:00:00;19,0604430466667;17
2024-11-17 02:00:00;19,0014997616667;17
2024-11-17 03:00:00;18,9549870541667;17
2024-11-17 04:00:00;18,9110148558333;17
2024-11-17 05:00:00;18,8703624866667;17
2024-11-17 06:00:00;18,8246705766667;17
2024-11-17 07:00:00;18,7744148583333;17
2024-11-17 08:00:00;18,7208554083333;17
2024-11-17 09:00:00;18,6932275108333;17
2024-11-17 10:00:00;18,6965451533333;17
2024-11-17 11:00:00;18,72466305;17
2024-11-17 12:00:00;18,761866865;17
2024-11-17 13:00:00;18,8028309466667;17
2024-11-17 14:00:00;18,8330911966667;17
2024-11-17 15:00:00;18,829206935;17
2024-11-17 16:00:00;18,78453928;17
2024-11-17 17:00:00;18,7125310375;17
2024-11-17 18:00:00;18,6351103608333;17
2024-11-17 19:00:00;18,5652603991667;17
2024-11-17 20:00:00;18,5037658466667;17
2024-11-17 21:00:00;18,4413401725;17
2024-11-17 22:00:00;18,3631504491667;17
2024-11-17 23:00:00;18,2794133;17
2024-11-18 00:00:00;18,2020073983333;17
2024-11-18 01:00:00;18,2750869391667;17
2024-11-18 02:00:00;19,6312878741667;17
2024-11-18 03:00:00;20,38184613;17
2024-11-18 04:00:00;20,3690751466667;17
2024-11-18 05:00:00;20,8952945333333;17
2024-11-18 06:00:00;21,1110684291667;17
2024-11-18 07:00:00;21,1954927908333;17
2024-11-18 08:00:00;20,905238345;21
2024-11-18 09:00:00;20,2943639283333;21
2024-11-18 10:00:00;21,2278307358333;21
2024-11-18 11:00:00;21,5203406408333;21
2024-11-18 12:00:00;20,8677011925;21
2024-11-18 13:00:00;20,4983385233333;21
2024-11-18 14:00:00;20,4042160966667;21
2024-11-18 15:00:00;20,393521685;21
2024-11-18 16:00:00;20,3771365608333;21
2024-11-18 17:00:00;20,3471891408333;21
2024-11-18 18:00:00;20,7132161775;21
2024-11-18 19:00:00;20,5575710816667;21
2024-11-18 20:00:00;19,8792806291667;17
2024-11-18 21:00:00;19,2793748083333;17
2024-11-18 22:00:00;18,9080825791667;17
2024-11-18 23:00:00;18,7074209975;17
2024-11-19 00:00:00;18,5758113558333;17
2024-11-19 01:00:00;18,482242765;17
2024-11-19 02:00:00;18,5535423291667;17
2024-11-19 03:00:00;19,4098493808333;17
2024-11-19 04:00:00;19,2504107316667;17
2024-11-19 05:00:00;19,744245755;17
2024-11-19 06:00:00;19,9855194308333;17
2024-11-19 07:00:00;20,8266944483333;17
2024-11-19 08:00:00;20,8582486825;21
2024-11-19 09:00:00;20,2390424266667;21
2024-11-19 10:00:00;19,9617645841667;21
2024-11-19 11:00:00;20,5417186441667;21
2024-11-19 12:00:00;21,0464013016667;21
2024-11-19 13:00:00;20,7262307658333;21
2024-11-19 14:00:00;20,5315695841667;21
2024-11-19 15:00:00;20,4536455075;21
2024-11-19 16:00:00;20,40387998;21
2024-11-19 17:00:00;20,3494022266667;21
2024-11-19 18:00:00;20,5234352816667;21
2024-11-19 19:00:00;20,3050446591667;21
2024-11-19 20:00:00;19,7198676133333;17
2024-11-19 21:00:00;19,181286995;17
2024-11-19 22:00:00;18,8555861833333;17
2024-11-19 23:00:00;18,6604514275;17
2024-11-20 00:00:00;18,5275888291667;17
2024-11-20 01:00:00;18,4294889466667;17
2024-11-20 02:00:00;18,3527834966667;17
2024-11-20 03:00:00;19,0490244325;17
2024-11-20 04:00:00;20,4460787391667;17
2024-11-20 05:00:00;20,8537855725;17
2024-11-20 06:00:00;20,1491601508333;17
2024-11-20 07:00:00;20,5632443966667;17
2024-11-20 08:00:00;20,7636518258333;21
2024-11-20 09:00:00;20,1964729475;21
2024-11-20 10:00:00;19,931178175;21
2024-11-20 11:00:00;20,5762570866667;21
2024-11-20 12:00:00;21,17905243;21
2024-11-20 13:00:00;20,803216415;21
2024-11-20 14:00:00;20,59259554;21
2024-11-20 15:00:00;20,4980435775;21
2024-11-20 16:00:00;20,4380698825;21
2024-11-20 17:00:00;20,3726631691667;21
2024-11-20 18:00:00;20,63983274;21
2024-11-20 19:00:00;20,4476232933333;21
2024-11-20 20:00:00;19,8286915191667;17
2024-11-20 21:00:00;19,2677181625;17
2024-11-20 22:00:00;18,9166219758333;17
2024-11-20 23:00:00;18,70783021;17
2024-11-21 00:00:00;18,5734193991667;17
2024-11-21 01:00:00;18,4750278258333;17
2024-11-21 02:00:00;18,4284706133333;17
2024-11-21 03:00:00;19,2567352191667;17
2024-11-21 04:00:00;20,5318124216667;17
2024-11-21 05:00:00;21,1281973425;17
2024-11-21 06:00:00;21,3758266175;17
2024-11-21 07:00:00;21,4996309141667;17
2024-11-21 08:00:00;21,6929623616667;21
2024-11-21 09:00:00;21,820639775;21
2024-11-21 10:00:00;21,1099807541667;21
2024-11-21 11:00:00;20,56508451;21
2024-11-21 12:00:00;20,2945346616667;21
2024-11-21 13:00:00;20,8842652575;21
2024-11-21 14:00:00;21,6453567116667;21
2024-11-21 15:00:00;21,1059888108333;21
2024-11-21 16:00:00;20,6891596858333;21
2024-11-21 17:00:00;20,4837951633333;21
2024-11-21 18:00:00;20,8016856341667;21
2024-11-21 19:00:00;20,8677109783333;21
2024-11-21 20:00:00;20,2635630375;17
2024-11-21 21:00:00;19,6851120575;17
2024-11-21 22:00:00;19,2936067566667;17
2024-11-21 23:00:00;19,0706794891667;17
2024-11-22 00:00:00;18,9375258708333;17
2024-11-22 01:00:00;18,845820455;17
2024-11-22 02:00:00;18,7683877433333;17
2024-11-22 03:00:00;18,7261105158333;17
2024-11-22 04:00:00;19,4026085116667;17
2024-11-22 05:00:00;20,7205788325;17
2024-11-22 06:00:00;21,3877124841667;17
2024-11-22 07:00:00;21,65410517;17
2024-11-22 08:00:00;21,2115772375;21
2024-11-22 09:00:00;20,564519485;21
2024-11-22 10:00:00;20,2920372308333;21
2024-11-22 11:00:00;20,1606838766667;21
2024-11-22 12:00:00;20,0915948316667;21
2024-11-22 13:00:00;20,0679536783333;21
2024-11-22 14:00:00;20,0865413283333;21
2024-11-22 15:00:00;20,1048738366667;21
2024-11-22 16:00:00;20,1093396583333;21
2024-11-22 17:00:00;20,1855179983333;21
2024-11-22 18:00:00;20,5645812008333;21
2024-11-22 19:00:00;20,4180188791667;21
2024-11-22 20:00:00;19,8898541858333;17
2024-11-22 21:00:00;19,4176522333333;17
2024-11-22 22:00:00;19,13062668;17
2024-11-22 23:00:00;18,9655412025;17
2024-11-23 00:00:00;18,864656555;17
2024-11-23 01:00:00;18,7944232816667;17
2024-11-23 02:00:00;18,7396316233333;17
2024-11-23 03:00:00;18,692926925;17
2024-11-23 04:00:00;18,6487548566667;17
2024-11-23 05:00:00;18,6010055375;17
2024-11-23 06:00:00;18,55495944;17
2024-11-23 07:00:00;18,8166530525;17
2024-11-23 08:00:00;20,1850148908333;21
2024-11-23 09:00:00;21,346447555;21
2024-11-23 10:00:00;21,0664001091667;21
2024-11-23 11:00:00;20,5110947616667;21
2024-11-23 12:00:00;20,2197463391667;21
2024-11-23 13:00:00;20,2261707183333;21
2024-11-23 14:00:00;21,2676734633333;21
2024-11-23 15:00:00;21,02713739;21
2024-11-23 16:00:00;20,6201180033333;21
2024-11-23 17:00:00;20,4027357458333;21
2024-11-23 18:00:00;20,2808254941667;21
2024-11-23 19:00:00;20,0535186508333;21
2024-11-23 20:00:00;19,6507041391667;17
2024-11-23 21:00:00;19,2738274708333;17
2024-11-23 22:00:00;19,0405403266667;17
2024-11-23 23:00:00;18,9046839183333;17
2024-11-24 00:00:00;18,8206225358333;17
2024-11-24 01:00:00;18,7521130483333;17
2024-11-24 02:00:00;18,6951428475;17
2024-11-24 03:00:00;18,6340673808333;17
2024-11-24 04:00:00;18,5653353616667;17
2024-11-24 05:00:00;18,4952379666667;17
2024-11-24 06:00:00;18,4346519516667;17
2024-11-24 07:00:00;18,3858122591667;17
2024-11-24 08:00:00;18,352403725;17
2024-11-24 09:00:00;18,3360187716667;17
2024-11-24 10:00:00;18,3453780566667;17
2024-11-24 11:00:00;18,37399382;17
2024-11-24 12:00:00;18,4150883875;17
2024-11-24 13:00:00;18,4548849133333;17
2024-11-24 14:00:00;18,4809873766667;17
2024-11-24 15:00:00;18,483156645;17
2024-11-24 16:00:00;18,4576699366667;17
2024-11-24 17:00:00;18,4025238666667;17
2024-11-24 18:00:00;18,3153376083333;17
2024-11-24 19:00:00;18,2160831216667;17
2024-11-24 20:00:00;18,1094080433333;17
2024-11-24 21:00:00;18,01033054;17
2024-11-24 22:00:00;17,9213935083333;17
2024-11-24 23:00:00;17,8486283216667;17
2024-11-25 00:00:00;17,7842058558333;17
2024-11-25 01:00:00;17,7281053325;17
2024-11-25 02:00:00;17,68015659;17
2024-11-25 03:00:00;17,6270016441667;17
2024-11-25 04:00:00;17,670561025;17
2024-11-25 05:00:00;18,2499178925;17
2024-11-25 06:00:00;18,5692346708333;17
2024-11-25 07:00:00;19,124602205;17
2024-11-25 08:00:00;20,0377085266667;21
2024-11-25 09:00:00;20,6412717666667;21
2024-11-25 10:00:00;20,7275867333333;21
2024-11-25 11:00:00;20,1351381925;21
2024-11-25 12:00:00;20,613337885;21
2024-11-25 13:00:00;21,2282853925;21
2024-11-25 14:00:00;21,4466333241667;21
2024-11-25 15:00:00;21,3565805708333;21
2024-11-25 16:00:00;21,1457972141667;21
2024-11-25 17:00:00;20,4784729516667;21
2024-11-25 18:00:00;20,3657596883333;21
2024-11-25 19:00:00;20,1014252633333;21
2024-11-25 20:00:00;19,4513926216667;17
2024-11-25 21:00:00;18,9020431341667;17
2024-11-25 22:00:00;18,5613188391667;17
2024-11-25 23:00:00;18,3634611791667;17
2024-11-26 00:00:00;18,2274979025;17
2024-11-26 01:00:00;18,1221928966667;17
2024-11-26 02:00:00;18,0308201383333;17
2024-11-26 03:00:00;17,9481159033333;17
2024-11-26 04:00:00;17,8994832991667;17
2024-11-26 05:00:00;18,5573565008333;17
2024-11-26 06:00:00;19,2975461291667;17
2024-11-26 07:00:00;19,6263878341667;17
2024-11-26 08:00:00;20,3011624525;21
2024-11-26 09:00:00;20,6041554258333;21
2024-11-26 10:00:00;20,105198635;21
2024-11-26 11:00:00;19,699351765;21
2024-11-26 12:00:00;20,4268382875;21
2024-11-26 13:00:00;21,2836904325;21
2024-11-26 14:00:00;20,94866079;21
2024-11-26 15:00:00;20,3551882625;21
2024-11-26 16:00:00;20,02739237;21
2024-11-26 17:00:00;20,1641497866667;21
2024-11-26 18:00:00;20,2821452091667;21
2024-11-26 19:00:00;20,0086908225;21
2024-11-26 20:00:00;19,4001080091667;17
2024-11-26 21:00:00;18,8637346958333;17
2024-11-26 22:00:00;18,5238904141667;17
2024-11-26 23:00:00;18,3118199033333;17
2024-11-27 00:00:00;18,1609642008333;17
2024-11-27 01:00:00;18,0411219925;17
2024-11-27 02:00:00;17,9444323741667;17
2024-11-27 03:00:00;17,846521775;17
2024-11-27 04:00:00;17,7404348925;17
2024-11-27 05:00:00;17,9329118908333;17
2024-11-27 06:00:00;18,865528655;17
2024-11-27 07:00:00;19,5681319941667;17
2024-11-27 08:00:00;20,2220329808333;21
2024-11-27 09:00:00;20,6059454391667;21
2024-11-27 10:00:00;20,45651474;21
2024-11-27 11:00:00;20,5417259916667;21
2024-11-27 12:00:00;20,1241388158333;21
2024-11-27 13:00:00;20,7211512216667;21
2024-11-27 14:00:00;20,8599566566667;21
2024-11-27 15:00:00;20,3797444875;21
2024-11-27 16:00:00;20,0665014158333;21
2024-11-27 17:00:00;20,0687041675;21
2024-11-27 18:00:00;20,4563041791667;21
2024-11-27 19:00:00;20,3903337766667;21
2024-11-27 20:00:00;19,614348285;17
2024-11-27 21:00:00;18,9093751875;17
2024-11-27 22:00:00;18,4757301416667;17
2024-11-27 23:00:00;18,23860756;17
2024-11-28 00:00:00;18,08374578;17
2024-11-28 01:00:00;17,9642829125;17
2024-11-28 02:00:00;17,8615070233333;17
2024-11-28 03:00:00;17,7683256241667;17
2024-11-28 04:00:00;17,6817449608333;17
2024-11-28 05:00:00;17,904460655;17
2024-11-28 06:00:00;18,9091953825;17
2024-11-28 07:00:00;19,6196164816667;17
2024-11-28 08:00:00;20,1776656191667;21
2024-11-28 09:00:00;20,5904579341667;21
2024-11-28 10:00:00;20,6218826808333;21
2024-11-28 11:00:00;20,1798835175;21
2024-11-28 12:00:00;20,47135383;21
2024-11-28 13:00:00;20,0879464841667;21
2024-11-28 14:00:00;20,4313962375;21
2024-11-28 15:00:00;20,9089037016667;21
2024-11-28 16:00:00;20,3801931875;21
2024-11-28 17:00:00;20,0826493008333;21
2024-11-28 18:00:00;20,3520992983333;21
2024-11-28 19:00:00;20,2503518691667;21
2024-11-28 20:00:00;19,4638417275;17
2024-11-28 21:00:00;18,9464015733333;17
2024-11-28 22:00:00;18,6936047566667;17
2024-11-28 23:00:00;18,2869290558333;17
2024-11-29 00:00:00;18,0384085316667;17
2024-11-29 01:00:00;17,8854822175;17
2024-11-29 02:00:00;17,7825598816667;17
2024-11-29 03:00:00;17,7164696891667;17
2024-11-29 04:00:00;18,1867816558333;17
2024-11-29 05:00:00;18,5742519108333;17
2024-11-29 06:00:00;18,7734845516667;17
2024-11-29 07:00:00;19,158396025;17
2024-11-29 08:00:00;19,9162572758333;21
2024-11-29 09:00:00;20,4137974358333;21
2024-11-29 10:00:00;20,4539907525;21
2024-11-29 11:00:00;20,4674851766667;21
2024-11-29 12:00:00;20,43747903;21
2024-11-29 13:00:00;20,5176155416667;21
2024-11-29 14:00:00;20,6015025383333;21
2024-11-29 15:00:00;20,303310985;21
2024-11-29 16:00:00;20,038132925;21
2024-11-29 17:00:00;20,2300256483333;21
2024-11-29 18:00:00;20,3631826491667;21
2024-11-29 19:00:00;20,1522234358333;21
2024-11-29 20:00:00;19,3572072533333;17
2024-11-29 21:00:00;18,6745281183333;17
2024-11-29 22:00:00;18,2765480683333;17
2024-11-29 23:00:00;18,0652451891667;17
2024-11-30 00:00:00;17,9420591416667;17
2024-11-30 01:00:00;17,8607147141667;17
2024-11-30 02:00:00;18,34778343;17
2024-11-30 03:00:00;19,10320248;17
2024-11-30 04:00:00;19,5128504741667;17
2024-11-30 05:00:00;19,7241317841667;17
2024-11-30 06:00:00;19,8161270125;17
2024-11-30 07:00:00;19,6449439875;17
2024-11-30 08:00:00;19,9081116691667;21
2024-11-30 09:00:00;20,664735605;21
2024-11-30 10:00:00;20,6014712966667;21
2024-11-30 11:00:00;20,4635358533333;21
2024-11-30 12:00:00;20,4714159566667;21
2024-11-30 13:00:00;20,7215813725;21
2024-11-30 14:00:00;21,30960665;21
2024-11-30 15:00:00;21,24365173;21
2024-11-30 16:00:00;20,546906945;21
2024-11-30 17:00:00;20,6040830991667;21
2024-11-30 18:00:00;20,7556472783333;21
2024-11-30 19:00:00;20,4702790833333;21
2024-11-30 20:00:00;19,679901175;17
2024-11-30 21:00:00;19,0343191033333;17
2024-11-30 22:00:00;18,6352122175;17
2024-11-30 23:00:00;18,4127433175;17
2024-12-01 00:00:00;18,2765391808333;17
2024-12-01 01:00:00;18,1851213183333;17
2024-12-01 02:00:00;18,1411614325;17
2024-12-01 03:00:00;18,3818658891667;17
2024-12-01 04:00:00;18,3526540216667;17
2024-12-01 05:00:00;18,133610725;17
2024-12-01 06:00:00;17,9962578108333;17
2024-12-01 07:00:00;17,9077102241667;17
2024-12-01 08:00:00;17,840704305;17
2024-12-01 09:00:00;17,8048972058333;17
2024-12-01 10:00:00;17,8152030608333;17
2024-12-01 11:00:00;17,8763426425;17
2024-12-01 12:00:00;17,9734179933333;17
2024-12-01 13:00:00;18,088085625;17
2024-12-01 14:00:00;18,1876240341667;17
2024-12-01 15:00:00;18,2187920766667;17
2024-12-01 16:00:00;18,1767193041667;17
2024-12-01 17:00:00;18,0784965591667;17
2024-12-01 18:00:00;17,9593342775;17
2024-12-01 19:00:00;17,8375474491667;17
2024-12-01 20:00:00;17,7243639766667;17
2024-12-01 21:00:00;17,6318054566667;17
2024-12-01 22:00:00;17,5539571466667;17
2024-12-01 23:00:00;17,4850365433333;17
2024-12-02 00:00:00;17,4257656483333;17
2024-12-02 01:00:00;17,3665915741667;17
2024-12-02 02:00:00;17,3172902458333;17
2024-12-02 03:00:00;17,2861445916667;17
2024-12-02 04:00:00;17,29757846;17
2024-12-02 05:00:00;18,3090365625;17
2024-12-02 06:00:00;19,1689580208333;17
2024-12-02 07:00:00;19,6234458666667;17
2024-12-02 08:00:00;19,9015344141667;21
2024-12-02 09:00:00;20,6139629925;21
2024-12-02 10:00:00;21,0463383166667;21
2024-12-02 11:00:00;21,0375649716667;21
2024-12-02 12:00:00;20,6052916058333;21
2024-12-02 13:00:00;20,4746788858333;21
2024-12-02 14:00:00;20,481963415;21
2024-12-02 15:00:00;20,5205484183333;21
2024-12-02 16:00:00;20,4598020091667;21
2024-12-02 17:00:00;20,225014265;21
2024-12-02 18:00:00;20,4664443991667;21
2024-12-02 19:00:00;20,1027627183333;21
2024-12-02 20:00:00;19,3893057;17
2024-12-02 21:00:00;18,8432383475;17
2024-12-02 22:00:00;18,4984876783333;17
2024-12-02 23:00:00;18,293798105;17
2024-12-03 00:00:00;18,167443105;17
2024-12-03 01:00:00;18,08202051;17
2024-12-03 02:00:00;18,0175809741667;17
2024-12-03 03:00:00;17,9702612866667;17
2024-12-03 04:00:00;17,9254911058333;17
2024-12-03 05:00:00;17,8826952258333;17
2024-12-03 06:00:00;17,8408097641667;17
2024-12-03 07:00:00;17,7948315225;17
2024-12-03 08:00:00;18,6476388141667;21
2024-12-03 09:00:00;20,2556957175;21
2024-12-03 10:00:00;20,7043082783333;21
2024-12-03 11:00:00;20,7668077266667;21
2024-12-03 12:00:00;20,45435672;21
2024-12-03 13:00:00;20,4770846783333;21
2024-12-03 14:00:00;20,5225465741667;21
2024-12-03 15:00:00;20,1392161466667;21
2024-12-03 16:00:00;19,9154366325;21
2024-12-03 17:00:00;20,1455321983333;21
2024-12-03 18:00:00;20,3376918175;21
2024-12-03 19:00:00;19,9597988216667;21
2024-12-03 20:00:00;19,3843942058333;17
2024-12-03 21:00:00;18,9256796791667;17
2024-12-03 22:00:00;18,6273881341667;17
2024-12-03 23:00:00;18,4441706433333;17
2024-12-04 00:00:00;18,3335730466667;17
2024-12-04 01:00:00;18,2538243775;17
2024-12-04 02:00:00;18,1902885141667;17
2024-12-04 03:00:00;18,137681755;17
2024-12-04 04:00:00;18,0913359183333;17
2024-12-04 05:00:00;18,0469528041667;17
2024-12-04 06:00:00;18,02804278;17
2024-12-04 07:00:00;18,8487933333333;17
2024-12-04 08:00:00;19,9566410391667;21
2024-12-04 09:00:00;20,6821665191667;21
2024-12-04 10:00:00;21,0277245208333;21
2024-12-04 11:00:00;21,0047523833333;21
2024-12-04 12:00:00;20,4801698591667;21
2024-12-04 13:00:00;20,1383745233333;21
2024-12-04 14:00:00;20,0163328375;21
2024-12-04 15:00:00;19,9946847216667;21
2024-12-04 16:00:00;20,3821056816667;21
2024-12-04 17:00:00;20,2579179941667;21
2024-12-04 18:00:00;20,4508366608333;21
2024-12-04 19:00:00;20,0628903016667;21
2024-12-04 20:00:00;19,4747895633333;17
2024-12-04 21:00:00;18,9947532308333;17
2024-12-04 22:00:00;18,7132853208333;17
2024-12-04 23:00:00;18,5670026308333;17
2024-12-05 00:00:00;18,4837161583333;17
2024-12-05 01:00:00;18,431200165;17
2024-12-05 02:00:00;18,393909405;17
2024-12-05 03:00:00;18,3588641966667;17
2024-12-05 04:00:00;18,3206417166667;17
2024-12-05 05:00:00;18,2817198225;17
2024-12-05 06:00:00;18,2409048616667;17
2024-12-05 07:00:00;18,5134698733333;17
2024-12-05 08:00:00;19,8590883233333;21
2024-12-05 09:00:00;20,748338695;21
2024-12-05 10:00:00;21,0146412458333;21
2024-12-05 11:00:00;20,4653141;21
2024-12-05 12:00:00;20,0697132533333;21
2024-12-05 13:00:00;20,37843839;21
2024-12-05 14:00:00;20,6100616491667;21
2024-12-05 15:00:00;20,2934128441667;21
2024-12-05 16:00:00;20,1964690666667;21
2024-12-05 17:00:00;20,4319818741667;21
2024-12-05 18:00:00;20,4851414616667;21
2024-12-05 19:00:00;20,3414543683333;21
2024-12-05 20:00:00;19,7533871125;17
2024-12-05 21:00:00;19,261561255;17
2024-12-05 22:00:00;18,9398029933333;17
2024-12-05 23:00:00;18,74421732;17
2024-12-06 00:00:00;18,6259426575;17
2024-12-06 01:00:00;18,5433523858333;17
2024-12-06 02:00:00;18,4865935841667;17
2024-12-06 03:00:00;18,4389350541667;17
2024-12-06 04:00:00;18,3947299208333;17
2024-12-06 05:00:00;18,3532024758333;17
2024-12-06 06:00:00;18,4248676608333;17
2024-12-06 07:00:00;19,3096265875;17
2024-12-06 08:00:00;20,2690489125;21
2024-12-06 09:00:00;20,8604089433333;21
2024-12-06 10:00:00;21,0057973183333;21
2024-12-06 11:00:00;20,47092133;21
2024-12-06 12:00:00;20,1195549791667;21
2024-12-06 13:00:00;20,291103555;21
2024-12-06 14:00:00;20,9480200625;21
2024-12-06 15:00:00;20,5675778491667;21
2024-12-06 16:00:00;20,2534963591667;21
2024-12-06 17:00:00;20,0978010041667;21
2024-12-06 18:00:00;20,4085994858333;21
2024-12-06 19:00:00;20,0872354033333;21
2024-12-06 20:00:00;19,5158599966667;17
2024-12-06 21:00:00;19,0252253866667;17
2024-12-06 22:00:00;18,74268065;17
2024-12-06 23:00:00;18,5906705141667;17
2024-12-07 00:00:00;18,4761035608333;17
2024-12-07 01:00:00;18,3610453808333;17
2024-12-07 02:00:00;18,2395320741667;17
2024-12-07 03:00:00;18,5292269891667;17
2024-12-07 04:00:00;18,8012594608333;17
2024-12-07 05:00:00;18,8205635791667;17
2024-12-07 06:00:00;19,6105486441667;17
2024-12-07 07:00:00;19,8119226608333;17
2024-12-07 08:00:00;20,4714233633333;21
2024-12-07 09:00:00;20,7691224533333;21
2024-12-07 10:00:00;20,2347064816667;21
2024-12-07 11:00:00;20,2490893175;21
2024-12-07 12:00:00;21,1135467416667;21
2024-12-07 13:00:00;20,991150665;21
2024-12-07 14:00:00;20,6190151016667;21
2024-12-07 15:00:00;20,3537477991667;21
2024-12-07 16:00:00;20,1941416225;21
2024-12-07 17:00:00;20,0925777616667;21
2024-12-07 18:00:00;20,4704816558333;21
2024-12-07 19:00:00;20,1150792591667;21
2024-12-07 20:00:00;19,4640928775;17
2024-12-07 21:00:00;18,9012336908333;17
2024-12-07 22:00:00;18,573435215;17
2024-12-07 23:00:00;18,3872722275;17
2024-12-08 00:00:00;18,269539665;17
2024-12-08 01:00:00;18,1841071683333;17
2024-12-08 02:00:00;18,1176202475;17
2024-12-08 03:00:00;18,0432442941667;17
2024-12-08 04:00:00;17,96108116;17
2024-12-08 05:00:00;17,873603585;17
2024-12-08 06:00:00;17,786583305;17
2024-12-08 07:00:00;17,6996694141667;17
2024-12-08 08:00:00;17,6234825;17
2024-12-08 09:00:00;17,5773899808333;17
2024-12-08 10:00:00;17,5841852216667;17
2024-12-08 11:00:00;17,6417391125;17
2024-12-08 12:00:00;17,7195529091667;17
2024-12-08 13:00:00;17,8050201166667;17
2024-12-08 14:00:00;17,8751642891667;17
2024-12-08 15:00:00;17,8946886408333;17
2024-12-08 16:00:00;17,8634682425;17
2024-12-08 17:00:00;17,7838936141667;17
2024-12-08 18:00:00;17,6752249366667;17
2024-12-08 19:00:00;17,5501711066667;17
2024-12-08 20:00:00;17,4153505875;17
2024-12-08 21:00:00;17,3301297225;17
2024-12-08 22:00:00;17,5966983616667;17
2024-12-08 23:00:00;17,42076629;17
2024-12-09 00:00:00;17,2242120766667;17
2024-12-09 01:00:00;17,10371931;17
2024-12-09 02:00:00;17,0108712658333;17
2024-12-09 03:00:00;16,9629952391667;17
2024-12-09 04:00:00;17,6879606491667;17
2024-12-09 05:00:00;18,5617161708333;17
2024-12-09 06:00:00;19,4814861058333;17
2024-12-09 07:00:00;19,8762792633333;17
2024-12-09 08:00:00;20,0969660091667;21
2024-12-09 09:00:00;20,036522645;21
2024-12-09 10:00:00;20,36753625;21
2024-12-09 11:00:00;20,4874702666667;21
2024-12-09 12:00:00;20,3497004466667;21
2024-12-09 13:00:00;20,4342019841667;21
2024-12-09 14:00:00;21,0172182958333;21
2024-12-09 15:00:00;21,4557468633333;21
2024-12-09 16:00:00;21,4406702483333;21
2024-12-09 17:00:00;20,5251578941667;21
2024-12-09 18:00:00;20,1550709625;21
2024-12-09 19:00:00;19,65466887;21
2024-12-09 20:00:00;18,9022905283333;17
2024-12-09 21:00:00;18,282792855;17
2024-12-09 22:00:00;17,9236767066667;17
2024-12-09 23:00:00;17,7163464325;17
2024-12-10 00:00:00;17,5824132233333;17
2024-12-10 01:00:00;17,482348965;17
2024-12-10 02:00:00;17,400991835;17
2024-12-10 03:00:00;17,3283069091667;17
2024-12-10 04:00:00;17,9992464775;17
2024-12-10 05:00:00;19,3937598483333;17
2024-12-10 06:00:00;20,0169795758333;17
2024-12-10 07:00:00;20,1388236858333;17
2024-12-10 08:00:00;19,9978235216667;21
2024-12-10 09:00:00;20,0286160125;21
2024-12-10 10:00:00;20,3180835958333;21
2024-12-10 11:00:00;20,0295025491667;21
2024-12-10 12:00:00;19,614578335;21
2024-12-10 13:00:00;20,4060958283333;21
2024-12-10 14:00:00;20,0742359866667;21
2024-12-10 15:00:00;19,75935508;21
2024-12-10 16:00:00;20,5568250033333;21
2024-12-10 17:00:00;20,2666959158333;21
2024-12-10 18:00:00;20,3079744808333;21
2024-12-10 19:00:00;19,7743246908333;21
2024-12-10 20:00:00;19,0306810391667;17
2024-12-10 21:00:00;18,4189089558333;17
2024-12-10 22:00:00;18,0423381058333;17
2024-12-10 23:00:00;17,80740842;17
2024-12-11 00:00:00;17,65353207;17
2024-12-11 01:00:00;17,7736525058333;17
2024-12-11 02:00:00;18,2670176791667;17
2024-12-11 03:00:00;18,5884204433333;17
2024-12-11 04:00:00;18,7562838791667;17
2024-12-11 05:00:00;19,0063320491667;17
2024-12-11 06:00:00;19,0480527883333;17
2024-12-11 07:00:00;19,5909173541667;17
2024-12-11 08:00:00;20,1189632175;21
2024-12-11 09:00:00;20,2914340783333;21
2024-12-11 10:00:00;20,7060722241667;21
2024-12-11 11:00:00;21,2380262491667;21
2024-12-11 12:00:00;21,5543098925;21
2024-12-11 13:00:00;21,1207925391667;21
2024-12-11 14:00:00;20,3653872891667;21
2024-12-11 15:00:00;20,1015885516667;21
2024-12-11 16:00:00;20,9388490266667;21
2024-12-11 17:00:00;20,5792995466667;21
2024-12-11 18:00:00;20,2984805683333;21
2024-12-11 19:00:00;19,8453363108333;21
2024-12-11 20:00:00;19,1513160233333;17
2024-12-11 21:00:00;18,5738634158333;17
2024-12-11 22:00:00;18,2468311441667;17
2024-12-11 23:00:00;18,0624325325;17
2024-12-12 00:00:00;17,9405193558333;17
2024-12-12 01:00:00;18,224799415;17
2024-12-12 02:00:00;18,6955100858333;17
2024-12-12 03:00:00;18,9871007433333;17
2024-12-12 04:00:00;19,5901152875;17
2024-12-12 05:00:00;20,0246215533333;17
2024-12-12 06:00:00;20,3123589;17
2024-12-12 07:00:00;19,6861760483333;17
2024-12-12 08:00:00;19,916372345;21
2024-12-12 09:00:00;20,271650435;21
2024-12-12 10:00:00;20,2662329041667;21
2024-12-12 11:00:00;20,362359205;21
2024-12-12 12:00:00;20,4746880433333;21
2024-12-12 13:00:00;20,6903616025;21
2024-12-12 14:00:00;21,0173755158333;21
2024-12-12 15:00:00;20,6665404066667;21
2024-12-12 16:00:00;20,230080095;21
2024-12-12 17:00:00;20,0608009383333;21
2024-12-12 18:00:00;20,3410899133333;21
2024-12-12 19:00:00;19,9279153841667;21
2024-12-12 20:00:00;19,25584413;17
2024-12-12 21:00:00;18,6921160158333;17
2024-12-12 22:00:00;18,3731187816667;17
2024-12-12 23:00:00;18,1956718066667;17
2024-12-13 00:00:00;18,0830194966667;17
2024-12-13 01:00:00;18,0002399166667;17
2024-12-13 02:00:00;18,0918789091667;17
2024-12-13 03:00:00;19,4635355358333;17
2024-12-13 04:00:00;20,0456502491667;17
2024-12-13 05:00:00;20,6342877941667;17
2024-12-13 06:00:00;20,9284452883333;17
2024-12-13 07:00:00;21,0657123616667;17
2024-12-13 08:00:00;21,2571945;21
2024-12-13 09:00:00;21,3829106066667;21
2024-12-13 10:00:00;20,6823623975;21
2024-12-13 11:00:00;20,1607981975;21
2024-12-13 12:00:00;19,9727131216667;21
2024-12-13 13:00:00;20,7839546141667;21
2024-12-13 14:00:00;20,8036397216667;21
2024-12-13 15:00:00;20,5006384333333;21
2024-12-13 16:00:00;20,3016490966667;21
2024-12-13 17:00:00;20,2437054458333;21
2024-12-13 18:00:00;20,5825231966667;21
2024-12-13 19:00:00;20,2094544675;21
2024-12-13 20:00:00;19,5886252075;17
2024-12-13 21:00:00;19,04699296;17
2024-12-13 22:00:00;18,7169615641667;17
2024-12-13 23:00:00;18,5215598358333;17
2024-12-14 00:00:00;18,3946327458333;17
2024-12-14 01:00:00;18,3041653458333;17
2024-12-14 02:00:00;18,2336141675;17
2024-12-14 03:00:00;18,1699311525;17
2024-12-14 04:00:00;18,1050135875;17
2024-12-14 05:00:00;18,3441120133333;17
2024-12-14 06:00:00;19,3053497033333;17
2024-12-14 07:00:00;19,96007912;17
2024-12-14 08:00:00;20,368383265;21
2024-12-14 09:00:00;20,2316010541667;21
2024-12-14 10:00:00;19,9192752875;21
2024-12-14 11:00:00;20,5865966841667;21
2024-12-14 12:00:00;20,4964042258333;21
2024-12-14 13:00:00;20,13078927;21
2024-12-14 14:00:00;20,3035949766667;21
2024-12-14 15:00:00;20,8231411033333;21
2024-12-14 16:00:00;20,5258954033333;21
2024-12-14 17:00:00;20,2631134041667;21
2024-12-14 18:00:00;20,12390107;21
2024-12-14 19:00:00;20,3087070216667;21
2024-12-14 20:00:00;19,8356773841667;17
2024-12-14 21:00:00;19,3044831608333;17
2024-12-14 22:00:00;18,9253903566667;17
2024-12-14 23:00:00;18,6719239166667;17
2024-12-15 00:00:00;18,496806295;17
2024-12-15 01:00:00;18,3604505375;17
2024-12-15 02:00:00;18,2479398683333;17
2024-12-15 03:00:00;18,1535810175;17
2024-12-15 04:00:00;18,0783311533333;17
2024-12-15 05:00:00;18,0154138866667;17
2024-12-15 06:00:00;17,9531182416667;17
2024-12-15 07:00:00;17,888946955;17
2024-12-15 08:00:00;17,8247446825;17
2024-12-15 09:00:00;17,7530548183333;17
2024-12-15 10:00:00;17,6899588725;17
2024-12-15 11:00:00;17,642985155;17
2024-12-15 12:00:00;17,6226063308333;17
2024-12-15 13:00:00;17,6237622658333;17
2024-12-15 14:00:00;17,6366024416667;17
2024-12-15 15:00:00;17,638470345;17
2024-12-15 16:00:00;17,6174975425;17
2024-12-15 17:00:00;17,5773879233333;17
2024-12-15 18:00:00;17,5250905083333;17
2024-12-15 19:00:00;17,4684627133333;17
2024-12-15 20:00:00;17,4119535083333;17
2024-12-15 21:00:00;17,3605017591667;17
2024-12-15 22:00:00;17,3136587883333;17
2024-12-15 23:00:00;17,269795475;17
2024-12-16 00:00:00;17,2112982358333;17
2024-12-16 01:00:00;17,1417896175;17
2024-12-16 02:00:00;17,0700344566667;17
2024-12-16 03:00:00;16,9975637908333;17
2024-12-16 04:00:00;17,2510538633333;17
2024-12-16 05:00:00;18,1657310191667;17
2024-12-16 06:00:00;18,8533113766667;17
2024-12-16 07:00:00;19,2660120225;17
2024-12-16 08:00:00;19,8235805658333;21
2024-12-16 09:00:00;20,1957821825;21
2024-12-16 10:00:00;20,19866404;21
2024-12-16 11:00:00;20,6294476466667;21
2024-12-16 12:00:00;20,9465286283333;21
2024-12-16 13:00:00;21,0532931641667;21
2024-12-16 14:00:00;20,3194596133333;21
2024-12-16 15:00:00;20,3453797716667;21
2024-12-16 16:00:00;20,1642499508333;21
2024-12-16 17:00:00;20,4517340358333;21
2024-12-16 18:00:00;20,3627584033333;21
2024-12-16 19:00:00;20,0492722908333;21
2024-12-16 20:00:00;19,3265183241667;17
2024-12-16 21:00:00;18,5203686425;17
2024-12-16 22:00:00;17,9727762058333;17
2024-12-16 23:00:00;17,6713143925;17
2024-12-17 00:00:00;17,4925964066667;17
2024-12-17 01:00:00;17,4819451508333;17
2024-12-17 02:00:00;18,0365417241667;17
2024-12-17 03:00:00;18,3819083566667;17
2024-12-17 04:00:00;18,5482811816667;17
2024-12-17 05:00:00;18,5458406558333;17
2024-12-17 06:00:00;18,75652958;17
2024-12-17 07:00:00;19,3895470258333;17
2024-12-17 08:00:00;20,0372877433333;21
2024-12-17 09:00:00;20,4327834025;21
2024-12-17 10:00:00;20,8166325491667;21
2024-12-17 11:00:00;21,1176654041667;21
2024-12-17 12:00:00;21,1015707808333;21
2024-12-17 13:00:00;20,2425955058333;21
2024-12-17 14:00:00;20,2985327575;21
2024-12-17 15:00:00;20,7485834708333;21
2024-12-17 16:00:00;20,0808527716667;21
2024-12-17 17:00:00;20,2673127833333;21
2024-12-17 18:00:00;20,4189796983333;21
2024-12-17 19:00:00;20,1393596716667;21
2024-12-17 20:00:00;19,3536379283333;17
2024-12-17 21:00:00;18,5472376291667;17
2024-12-17 22:00:00;18,0220219175;17
2024-12-17 23:00:00;17,7186158116667;17
2024-12-18 00:00:00;17,5329445533333;17
2024-12-18 01:00:00;17,4170620875;17
2024-12-18 02:00:00;17,3382428425;17
2024-12-18 03:00:00;17,2531301516667;17
2024-12-18 04:00:00;17,4732398133333;17
2024-12-18 05:00:00;18,4099827566667;17
2024-12-18 06:00:00;19,1877578991667;17
2024-12-18 07:00:00;19,8221442308333;17
2024-12-18 08:00:00;20,0077865483333;21
2024-12-18 09:00:00;20,1305434266667;21
2024-12-18 10:00:00;20,40670775;21
2024-12-18 11:00:00;20,35298944;21
2024-12-18 12:00:00;20,3130194441667;21
2024-12-18 13:00:00;20,3522609608333;21
2024-12-18 14:00:00;20,2339057108333;21
2024-12-18 15:00:00;19,7185646358333;21
2024-12-18 16:00:00;20,1509343958333;21
2024-12-18 17:00:00;20,422099035;21
2024-12-18 18:00:00;20,4509743941667;21
2024-12-18 19:00:00;20,0573046508333;21
2024-12-18 20:00:00;19,2904772308333;17
2024-12-18 21:00:00;18,4123172058333;17
2024-12-18 22:00:00;17,8526382941667;17
2024-12-18 23:00:00;17,5642794566667;17
2024-12-19 00:00:00;17,3922141541667;17
2024-12-19 01:00:00;17,2708806658333;17
2024-12-19 02:00:00;17,1694363466667;17
2024-12-19 03:00:00;17,1044510333333;17
2024-12-19 04:00:00;17,7944726916667;17
2024-12-19 05:00:00;18,2798782983333;17
2024-12-19 06:00:00;18,880002485;17
2024-12-19 07:00:00;19,2366221183333;17
2024-12-19 08:00:00;19,7830512483333;21
2024-12-19 09:00:00;20,2885957875;21
2024-12-19 10:00:00;20,2770351383333;21
2024-12-19 11:00:00;20,2922155016667;21
2024-12-19 12:00:00;20,2929704083333;21
2024-12-19 13:00:00;20,2296935591667;21
2024-12-19 14:00:00;20,8435914941667;21
2024-12-19 15:00:00;20,4152478541667;21
2024-12-19 16:00:00;19,874305185;21
2024-12-19 17:00:00;20,18596331;21
2024-12-19 18:00:00;20,2793888016667;21
2024-12-19 19:00:00;20,0000380283333;21
2024-12-19 20:00:00;19,1843537758333;17
2024-12-19 21:00:00;18,3470009458333;17
2024-12-19 22:00:00;17,8281253933333;17
2024-12-19 23:00:00;17,5466551216667;17
2024-12-20 00:00:00;17,37164108;17
2024-12-20 01:00:00;17,242568135;17
2024-12-20 02:00:00;17,1359909916667;17
2024-12-20 03:00:00;17,0442255583333;17
2024-12-20 04:00:00;17,0886007491667;17
2024-12-20 05:00:00;17,7796316241667;17
2024-12-20 06:00:00;18,7033371425;17
2024-12-20 07:00:00;19,17548643;17
2024-12-20 08:00:00;19,4016514891667;21
2024-12-20 09:00:00;19,86137924;21
2024-12-20 10:00:00;20,1823889183333;21
2024-12-20 11:00:00;20,1518266275;21
2024-12-20 12:00:00;20,1795981441667;21
2024-12-20 13:00:00;20,4067899208333;21
2024-12-20 14:00:00;19,9902477416667;21
2024-12-20 15:00:00;20,1786542983333;21
2024-12-20 16:00:00;20,8941695366667;21
2024-12-20 17:00:00;20,31835637;21
2024-12-20 18:00:00;20,3624421275;21
2024-12-20 19:00:00;19,9450070475;21
2024-12-20 20:00:00;19,01528886;17
2024-12-20 21:00:00;18,2559977583333;17
2024-12-20 22:00:00;17,8025828783333;17
2024-12-20 23:00:00;17,5372437683333;17
2024-12-21 00:00:00;17,367357745;17
2024-12-21 01:00:00;17,7994598125;17
2024-12-21 02:00:00;18,49526104;17
2024-12-21 03:00:00;18,651118495;17
2024-12-21 04:00:00;18,2419881333333;17
2024-12-21 05:00:00;18,0003581908333;17
2024-12-21 06:00:00;18,8944993008333;17
2024-12-21 07:00:00;19,6395606633333;17
2024-12-21 08:00:00;19,9361996616667;21
2024-12-21 09:00:00;20,17268389;21
2024-12-21 10:00:00;20,4760877783333;21
2024-12-21 11:00:00;20,66037059;21
2024-12-21 12:00:00;20,1372046308333;21
2024-12-21 13:00:00;19,954347115;21
2024-12-21 14:00:00;20,6427072116667;21
2024-12-21 15:00:00;20,236997675;21
2024-12-21 16:00:00;19,7987595866667;21
2024-12-21 17:00:00;19,7788174325;21
2024-12-21 18:00:00;19,961858375;21
2024-12-21 19:00:00;19,4374494375;21
2024-12-21 20:00:00;18,7506267841667;17
2024-12-21 21:00:00;18,1889061175;17
2024-12-21 22:00:00;17,8673089841667;17
2024-12-21 23:00:00;17,6878660458333;17
2024-12-22 00:00:00;17,573222015;17
2024-12-22 01:00:00;17,4923632775;17
2024-12-22 02:00:00;17,4266731083333;17
2024-12-22 03:00:00;17,3513445375;17
2024-12-22 04:00:00;17,2677920425;17
2024-12-22 05:00:00;17,1728152108333;17
2024-12-22 06:00:00;17,083145695;17
2024-12-22 07:00:00;17,0030960133333;17
2024-12-22 08:00:00;16,9320450241667;17
2024-12-22 09:00:00;16,8750287491667;17
2024-12-22 10:00:00;16,85459935;17
2024-12-22 11:00:00;16,8726265591667;17
2024-12-22 12:00:00;16,9340495416667;17
2024-12-22 13:00:00;17,0200927558333;17
2024-12-22 14:00:00;17,1035398941667;17
2024-12-22 15:00:00;17,1336395483333;17
2024-12-22 16:00:00;17,1031725233333;17
2024-12-22 17:00:00;17,01954522;17
2024-12-22 18:00:00;16,9125955733333;17
2024-12-22 19:00:00;16,7952756425;17
2024-12-22 20:00:00;16,6749474091667;17
2024-12-22 21:00:00;16,577764175;17
2024-12-22 22:00:00;16,8050620608333;17
2024-12-22 23:00:00;16,7533430958333;17
2024-12-23 00:00:00;16,5312814966667;17
2024-12-23 01:00:00;16,3931440358333;17
2024-12-23 02:00:00;16,2947117525;17
2024-12-23 03:00:00;16,5469761533333;17
2024-12-23 04:00:00;17,5651933808333;17
2024-12-23 05:00:00;18,0846414691667;17
2024-12-23 06:00:00;18,6444825533333;17
2024-12-23 07:00:00;18,85283616;17
2024-12-23 08:00:00;19,3671879125;21
2024-12-23 09:00:00;19,82046718;21
2024-12-23 10:00:00;20,1542165333333;21
2024-12-23 11:00:00;20,211107765;21
2024-12-23 12:00:00;20,0408416191667;21
2024-12-23 13:00:00;20,1480484133333;21
2024-12-23 14:00:00;20,25821152;21
2024-12-23 15:00:00;20,1171178375;21
2024-12-23 16:00:00;20,1466548316667;21
2024-12-23 17:00:00;20,05737641;21
2024-12-23 18:00:00;20,14436799;21
2024-12-23 19:00:00;19,7028511641667;21
2024-12-23 20:00:00;18,7078190775;17
2024-12-23 21:00:00;17,9189721925;17
2024-12-23 22:00:00;17,4321641308333;17
2024-12-23 23:00:00;17,16420152;17
2024-12-24 00:00:00;17,0081826;17
2024-12-24 01:00:00;16,9030654658333;17
2024-12-24 02:00:00;16,823570525;17
2024-12-24 03:00:00;16,7513598966667;17
2024-12-24 04:00:00;16,6860215916667;17
2024-12-24 05:00:00;16,8491413;17
2024-12-24 06:00:00;17,7592970066667;17
2024-12-24 07:00:00;18,5839699458333;17
2024-12-24 08:00:00;19,2365405516667;21
2024-12-24 09:00:00;19,905497635;21
2024-12-24 10:00:00;20,1007150616667;21
2024-12-24 11:00:00;20,0215379208333;21
2024-12-24 12:00:00;19,9783577791667;21
2024-12-24 13:00:00;19,9121682216667;21
2024-12-24 14:00:00;20,0326210891667;21
2024-12-24 15:00:00;19,9311370466667;21
2024-12-24 16:00:00;20,1474127191667;21
2024-12-24 17:00:00;20,3561600333333;21
2024-12-24 18:00:00;20,4079157883333;21
2024-12-24 19:00:00;19,833733415;21
2024-12-24 20:00:00;18,78313685;17
2024-12-24 21:00:00;17,9534826825;17
2024-12-24 22:00:00;17,5796564733333;17
2024-12-24 23:00:00;17,7161522391667;17
2024-12-25 00:00:00;17,35895648;17
2024-12-25 01:00:00;17,0865649941667;17
2024-12-25 02:00:00;16,9305657258333;17
2024-12-25 03:00:00;17,0233108141667;17
2024-12-25 04:00:00;17,31181172;17
2024-12-25 05:00:00;18,130219665;17
2024-12-25 06:00:00;19,0416902058333;17
2024-12-25 07:00:00;19,36581066;17
2024-12-25 08:00:00;19,8285425858333;21
2024-12-25 09:00:00;20,107705535;21
2024-12-25 10:00:00;20,1104734316667;21
2024-12-25 11:00:00;20,1993075;21
2024-12-25 12:00:00;20,4459272775;21
2024-12-25 13:00:00;20,7141556058333;21
2024-12-25 14:00:00;20,046197715;21
2024-12-25 15:00:00;20,2451799325;21
2024-12-25 16:00:00;20,2183422425;21
2024-12-25 17:00:00;20,4839143983333;21
2024-12-25 18:00:00;20,5176714041667;21
2024-12-25 19:00:00;20,0740365733333;21
2024-12-25 20:00:00;19,03945716;17
2024-12-25 21:00:00;18,135832745;17
2024-12-25 22:00:00;17,5989939341667;17
2024-12-25 23:00:00;17,3242091983333;17
2024-12-26 00:00:00;17,1523327808333;17
2024-12-26 01:00:00;17,0156730841667;17
2024-12-26 02:00:00;16,8913402308333;17
2024-12-26 03:00:00;16,7871117366667;17
2024-12-26 04:00:00;17,0348936241667;17
2024-12-26 05:00:00;18,3392460691667;17
2024-12-26 06:00:00;18,9179644158333;17
2024-12-26 07:00:00;19,4256514358333;17
2024-12-26 08:00:00;19,8254731375;21
2024-12-26 09:00:00;20,238251645;21
2024-12-26 10:00:00;20,4856515466667;21
2024-12-26 11:00:00;20,1260607608333;21
2024-12-26 12:00:00;20,2614335616667;21
2024-12-26 13:00:00;20,0984984241667;21
2024-12-26 14:00:00;20,1809066608333;21
2024-12-26 15:00:00;20,2228629508333;21
2024-12-26 16:00:00;20,3721647566667;21
2024-12-26 17:00:00;20,3573355225;21
2024-12-26 18:00:00;20,3825647908333;21
2024-12-26 19:00:00;19,9771799991667;21
2024-12-26 20:00:00;18,9709009183333;17
2024-12-26 21:00:00;18,1468963083333;17
2024-12-26 22:00:00;17,666177155;17
2024-12-26 23:00:00;17,4071120916667;17
2024-12-27 00:00:00;17,247281905;17
2024-12-27 01:00:00;17,1266556925;17
2024-12-27 02:00:00;17,02606478;17
2024-12-27 03:00:00;16,9434553691667;17
2024-12-27 04:00:00;16,9835170025;17
2024-12-27 05:00:00;17,5850209508333;17
2024-12-27 06:00:00;18,5956590983333;17
2024-12-27 07:00:00;19,3539232241667;17
2024-12-27 08:00:00;19,8714950283333;21
2024-12-27 09:00:00;20,1173378275;21
2024-12-27 10:00:00;19,9556900041667;21
2024-12-27 11:00:00;20,1119636991667;21
2024-12-27 12:00:00;20,2869585891667;21
2024-12-27 13:00:00;20,4925684141667;21
2024-12-27 14:00:00;20,4378627116667;21
2024-12-27 15:00:00;19,7608925883333;21
2024-12-27 16:00:00;20,2889348875;21
2024-12-27 17:00:00;20,3431264766667;21
2024-12-27 18:00:00;20,3321849941667;21
2024-12-27 19:00:00;19,9771997033333;21
2024-12-27 20:00:00;19,023597195;17
2024-12-27 21:00:00;18,1374829783333;17
2024-12-27 22:00:00;17,6005342375;17
2024-12-27 23:00:00;17,3138602675;17
2024-12-28 00:00:00;17,1296739916667;17
2024-12-28 01:00:00;16,991305835;17
2024-12-28 02:00:00;16,8736604916667;17
2024-12-28 03:00:00;16,7708456258333;17
2024-12-28 04:00:00;16,676917555;17
2024-12-28 05:00:00;17,2783259758333;17
2024-12-28 06:00:00;18,5382750408333;17
2024-12-28 07:00:00;19,302499765;17
2024-12-28 08:00:00;19,7576462625;21
2024-12-28 09:00:00;20,0938200941667;21
2024-12-28 10:00:00;20,1947062008333;21
2024-12-28 11:00:00;20,3290875066667;21
2024-12-28 12:00:00;20,6627171058333;21
2024-12-28 13:00:00;20,9792377908333;21
2024-12-28 14:00:00;20,3471533683333;21
2024-12-28 15:00:00;19,7920843458333;21
2024-12-28 16:00:00;20,5232911758333;21
2024-12-28 17:00:00;20,2178378666667;21
2024-12-28 18:00:00;20,3280860066667;21
2024-12-28 19:00:00;19,8439832433333;21
2024-12-28 20:00:00;18,8799263433333;17
2024-12-28 21:00:00;18,1080761141667;17
2024-12-28 22:00:00;17,6721511058333;17
2024-12-28 23:00:00;17,439058095;17
2024-12-29 00:00:00;17,2885565325;17
2024-12-29 01:00:00;17,1687151975;17
2024-12-29 02:00:00;17,06192667;17
2024-12-29 03:00:00;16,9724022258333;17
2024-12-29 04:00:00;16,8992010325;17
2024-12-29 05:00:00;16,8303136991667;17
2024-12-29 06:00:00;16,7587337675;17
2024-12-29 07:00:00;16,6867143066667;17
2024-12-29 08:00:00;16,621564225;17
2024-12-29 09:00:00;16,5809397883333;17
2024-12-29 10:00:00;16,5983241116667;17
2024-12-29 11:00:00;16,6761190225;17
2024-12-29 12:00:00;16,77879132;17
2024-12-29 13:00:00;16,8931279341667;17
2024-12-29 14:00:00;16,9848536483333;17
2024-12-29 15:00:00;17,0064861616667;17
2024-12-29 16:00:00;16,9641542633333;17
2024-12-29 17:00:00;16,8633104058333;17
2024-12-29 18:00:00;16,7451677775;17
2024-12-29 19:00:00;16,6410457441667;17
2024-12-29 20:00:00;16,5421533191667;17
2024-12-29 21:00:00;16,4500001908333;17
2024-12-29 22:00:00;16,362185535;17
2024-12-29 23:00:00;16,2812656741667;17
2024-12-30 00:00:00;16,20914445;17
2024-12-30 01:00:00;16,1426711875;17
2024-12-30 02:00:00;16,2215415258333;17
2024-12-30 03:00:00;17,1355056016667;17
2024-12-30 04:00:00;17,7026784591667;17
2024-12-30 05:00:00;17,8090913008333;17
2024-12-30 06:00:00;18,1092976433333;17
2024-12-30 07:00:00;18,5918704591667;17
2024-12-30 08:00:00;19,1258186508333;21
2024-12-30 09:00:00;19,5697280458333;21
2024-12-30 10:00:00;19,4953570975;21
2024-12-30 11:00:00;19,5223557083333;21
2024-12-30 12:00:00;19,4779479341667;21
2024-12-30 13:00:00;19,5443453858333;21
2024-12-30 14:00:00;19,6628869241667;21
2024-12-30 15:00:00;19,7596360991667;21
2024-12-30 16:00:00;19,82621689;21
2024-12-30 17:00:00;19,8645559;21
2024-12-30 18:00:00;19,8780206941667;21
2024-12-30 19:00:00;19,315001125;21
2024-12-30 20:00:00;18,3725442566667;17
2024-12-30 21:00:00;17,6642469875;17
2024-12-30 22:00:00;17,2319334275;17
2024-12-30 23:00:00;17,1865332825;17
2024-12-31 00:00:00;17,20793094;17
2024-12-31 01:00:00;16,9273812475;17
2024-12-31 02:00:00;16,7537290166667;17
2024-12-31 03:00:00;16,7834822558333;17
2024-12-31 04:00:00;17,6766058425;17
2024-12-31 05:00:00;18,2904157233333;17
2024-12-31 06:00:00;18,5283782858333;17
2024-12-31 07:00:00;18,8100193091667;17
2024-12-31 08:00:00;19,4040096766667;21
2024-12-31 09:00:00;19,9286634908333;21
2024-12-31 10:00:00;20,0885509683333;21
2024-12-31 11:00:00;20,2013312891667;21
2024-12-31 12:00:00;20,0905581141667;21
2024-12-31 13:00:00;20,2940132716667;21
2024-12-31 14:00:00;20,6917255533333;21
2024-12-31 15:00:00;20,4217183058333;21
2024-12-31 16:00:00;20,5563793533333;21
2024-12-31 17:00:00;20,1435451725;21
2024-12-31 18:00:00;20,2255434858333;21
2024-12-31 19:00:00;20,0376220575;21
2024-12-31 20:00:00;19,1093756233333;17
2024-12-31 21:00:00;18,2896052716667;17
2024-12-31 22:00:00;17,7642474925;17
2024-12-31 23:00:00;17,4632043808333;17
2025-01-01 00:00:00;17,28600324;17
